employee_id,age,department,job_role,salary_band,overtime,job_satisfaction,years_at_company,marital_status,education,attrition
EMP1000,34,Finance,Finance Manager,Low,Yes,2,4,Single,Master,Yes
EMP1001,54,IT,Tech Lead,Medium,Yes,4,6,Married,Doctor,No
EMP1002,38,R&D,Lab Technician,High,No,2,4,Married,Doctor,No
EMP1003,47,HR,HR Executive,High,No,1,15,Married,Bachelor,No
EMP1004,34,IT,Software Engineer,Medium,No,1,14,Divorced,Doctor,No
EMP1005,35,Finance,Finance Analyst,Low,Yes,2,14,Divorced,College,No
EMP1006,42,IT,Tech Lead,Low,Yes,2,15,Divorced,Below College,No
EMP1007,43,Finance,Finance Analyst,Low,No,4,10,Single,College,No
EMP1008,34,Sales,Sales Rep,Low,Yes,4,4,Married,Master,No
EMP1009,18,Sales,Sales Executive,Medium,No,2,19,Married,Below College,Yes
EMP1010,34,R&D,Lab Technician,Low,Yes,2,6,Divorced,Master,Yes
EMP1011,42,R&D,Lab Technician,Low,No,2,2,Divorced,Doctor,No
EMP1012,36,Sales,Sales Manager,Low,No,4,12,Married,Doctor,No
EMP1013,40,Sales,Sales Executive,High,No,4,14,Single,College,No
EMP1014,38,Operations,Operations Manager,Low,No,3,6,Divorced,College,No
EMP1015,23,Finance,Finance Manager,Medium,No,4,13,Married,Bachelor,Yes
EMP1016,43,Operations,Operations Manager,Medium,No,3,13,Married,Doctor,No
EMP1017,30,R&D,Lab Technician,Low,No,4,6,Married,College,No
EMP1018,31,HR,HR Executive,Medium,No,2,5,Divorced,Master,No
EMP1019,41,Operations,Operations Analyst,Medium,No,4,0,Single,College,No
EMP1020,29,Sales,Sales Rep,Low,No,2,16,Married,Bachelor,No
EMP1021,38,Operations,Operations Manager,Medium,No,3,6,Divorced,Below College,No
EMP1022,28,HR,HR Executive,Medium,No,4,9,Married,Doctor,No
EMP1023,34,IT,IT Support,Low,Yes,4,12,Single,Bachelor,Yes
EMP1024,32,R&D,Research Scientist,High,No,4,13,Divorced,College,No
EMP1025,31,HR,HR Manager,Low,No,4,5,Married,Master,No
EMP1026,28,Operations,Operations Analyst,High,No,4,16,Single,Master,Yes
EMP1027,35,Sales,Sales Manager,Medium,Yes,3,20,Single,Master,No
EMP1028,37,HR,HR Executive,Low,No,4,1,Single,College,No
EMP1029,44,IT,IT Support,Low,No,4,7,Single,College,Yes
EMP1030,30,HR,HR Manager,Medium,Yes,2,17,Single,Doctor,No
EMP1031,36,Sales,Sales Rep,Medium,No,2,4,Divorced,Doctor,Yes
EMP1032,55,Operations,Operations Manager,Low,No,2,19,Divorced,Doctor,No
EMP1033,39,R&D,Lab Technician,Medium,No,4,6,Married,Below College,No
EMP1034,40,R&D,Lab Technician,Medium,No,1,7,Married,Below College,No
EMP1035,39,R&D,Manager R&D,Medium,No,1,5,Single,Bachelor,No
EMP1036,20,HR,HR Manager,Medium,No,1,9,Single,Below College,Yes
EMP1037,33,HR,HR Manager,Low,No,1,1,Married,Bachelor,Yes
EMP1038,18,HR,HR Manager,High,No,4,8,Divorced,College,No
EMP1039,43,Operations,Operations Analyst,Medium,No,4,13,Divorced,College,No
EMP1040,51,R&D,Manager R&D,Medium,Yes,2,20,Married,Doctor,Yes
EMP1041,31,Sales,Sales Manager,Low,No,2,4,Single,Below College,No
EMP1042,51,HR,HR Executive,Medium,No,1,20,Single,Master,No
EMP1043,25,Sales,Sales Executive,Medium,No,2,15,Divorced,Doctor,Yes
EMP1044,25,R&D,Research Scientist,Medium,No,1,13,Divorced,College,No
EMP1045,40,R&D,Lab Technician,Medium,Yes,3,5,Divorced,Doctor,No
EMP1046,28,IT,Software Engineer,Low,No,4,12,Divorced,College,No
EMP1047,31,HR,HR Manager,Medium,No,2,3,Divorced,Below College,Yes
EMP1048,45,Finance,Finance Analyst,Low,No,3,5,Married,Bachelor,No
EMP1049,27,Sales,Sales Rep,Medium,Yes,3,3,Single,College,Yes
EMP1050,33,Operations,Operations Manager,Medium,Yes,1,0,Married,Doctor,Yes
EMP1051,34,Sales,Sales Manager,Low,No,4,7,Divorced,Below College,Yes
EMP1052,39,Sales,Sales Executive,Low,Yes,3,2,Divorced,Below College,Yes
EMP1053,42,Operations,Operations Manager,Low,No,3,15,Married,Master,No
EMP1054,35,IT,Tech Lead,Low,No,1,8,Divorced,Below College,Yes
EMP1055,25,R&D,Lab Technician,Low,Yes,3,19,Divorced,Master,Yes
EMP1056,45,Operations,Operations Manager,Medium,No,3,2,Married,Below College,No
EMP1057,60,HR,HR Manager,Medium,No,4,13,Married,College,No
EMP1058,43,IT,Tech Lead,Medium,No,1,9,Married,Below College,No
EMP1059,41,IT,IT Support,Medium,No,1,0,Single,College,No
EMP1060,32,Finance,Finance Analyst,Medium,No,1,0,Single,College,No
EMP1061,33,R&D,Manager R&D,Medium,Yes,4,9,Single,Bachelor,No
EMP1062,23,R&D,Manager R&D,Medium,No,2,13,Married,Below College,No
EMP1063,41,HR,HR Manager,Low,No,2,8,Divorced,Doctor,Yes
EMP1064,34,Sales,Sales Manager,Medium,Yes,3,19,Married,Doctor,No
EMP1065,47,HR,HR Manager,Low,Yes,2,14,Married,Bachelor,Yes
EMP1066,26,IT,Software Engineer,High,Yes,3,19,Divorced,Doctor,Yes
EMP1067,48,Finance,Finance Analyst,Medium,No,4,18,Single,Below College,Yes
EMP1068,33,Finance,Finance Manager,Low,Yes,1,7,Married,College,Yes
EMP1069,30,Operations,Operations Manager,Medium,Yes,2,2,Divorced,Below College,Yes
EMP1070,31,R&D,Lab Technician,Medium,No,4,20,Married,Doctor,No
EMP1071,30,HR,HR Executive,Low,Yes,3,17,Divorced,College,No
EMP1072,18,Operations,Operations Manager,Medium,No,3,17,Single,Doctor,No
EMP1073,41,HR,HR Executive,Low,No,2,4,Married,Doctor,Yes
EMP1074,42,HR,HR Manager,High,Yes,3,3,Divorced,Below College,No
EMP1075,47,Operations,Operations Manager,Medium,No,1,5,Divorced,Master,Yes
EMP1076,42,Finance,Finance Manager,Low,No,4,8,Single,Bachelor,No
EMP1077,41,R&D,Research Scientist,Low,Yes,1,11,Married,College,Yes
EMP1078,20,IT,Software Engineer,Medium,No,3,13,Single,College,Yes
EMP1079,37,HR,HR Executive,Medium,No,2,7,Married,College,No
EMP1080,25,HR,HR Manager,Medium,No,3,0,Married,Below College,No
EMP1081,33,Finance,Finance Manager,Low,No,1,4,Married,Below College,No
EMP1082,48,HR,HR Executive,High,No,3,17,Single,College,Yes
EMP1083,36,Operations,Operations Analyst,Medium,No,4,15,Divorced,College,No
EMP1084,18,Operations,Operations Analyst,Medium,Yes,4,5,Single,Doctor,No
EMP1085,26,Finance,Finance Manager,High,Yes,1,9,Single,College,No
EMP1086,30,IT,IT Support,High,No,4,4,Married,College,No
EMP1087,33,Operations,Operations Analyst,Medium,No,3,17,Single,Bachelor,No
EMP1088,44,R&D,Manager R&D,Low,No,4,13,Divorced,Doctor,No
EMP1089,43,HR,HR Manager,Low,Yes,1,8,Single,Below College,Yes
EMP1090,43,R&D,Manager R&D,High,Yes,3,12,Married,Bachelor,No
EMP1091,38,HR,HR Executive,Low,No,4,8,Divorced,Bachelor,No
EMP1092,33,Operations,Operations Analyst,Low,Yes,1,16,Married,Doctor,No
EMP1093,32,R&D,Lab Technician,Low,Yes,4,10,Married,Bachelor,No
EMP1094,39,R&D,Manager R&D,Low,Yes,2,12,Single,Master,No
EMP1095,44,R&D,Lab Technician,Low,Yes,1,2,Divorced,College,No
EMP1096,49,Operations,Operations Manager,Medium,No,2,20,Divorced,Master,No
EMP1097,36,IT,Tech Lead,Medium,Yes,2,19,Single,Bachelor,No
EMP1098,38,Operations,Operations Analyst,High,No,4,5,Married,Master,No
EMP1099,49,IT,Tech Lead,Low,No,4,3,Married,Master,Yes
EMP1100,26,R&D,Research Scientist,Low,Yes,4,10,Single,College,No
EMP1101,43,Sales,Sales Rep,Medium,No,1,3,Single,College,No
EMP1102,28,R&D,Research Scientist,Medium,Yes,3,1,Single,Below College,No
EMP1103,50,R&D,Research Scientist,High,No,2,16,Single,Bachelor,No
EMP1104,48,Finance,Finance Manager,High,No,3,7,Married,Master,No
EMP1105,50,Sales,Sales Executive,Medium,Yes,2,12,Married,Bachelor,No
EMP1106,49,HR,HR Executive,Medium,No,3,20,Married,Below College,No
EMP1107,43,Finance,Finance Analyst,Low,No,3,3,Single,Bachelor,No
EMP1108,26,Operations,Operations Analyst,Low,No,3,8,Married,Bachelor,No
EMP1109,40,Finance,Finance Analyst,Medium,Yes,3,17,Single,Master,Yes
EMP1110,44,Sales,Sales Executive,Medium,Yes,4,10,Single,Below College,No
EMP1111,40,R&D,Manager R&D,Low,No,2,20,Single,Bachelor,No
EMP1112,34,R&D,Lab Technician,Low,No,2,5,Divorced,Below College,No
EMP1113,37,Operations,Operations Analyst,Low,No,3,15,Single,Bachelor,Yes
EMP1114,39,Operations,Operations Manager,Medium,Yes,2,1,Single,Below College,Yes
EMP1115,26,IT,Software Engineer,High,Yes,2,10,Married,College,No
EMP1116,42,IT,Software Engineer,Low,No,4,8,Married,College,No
EMP1117,40,Finance,Finance Analyst,High,Yes,1,6,Married,College,No
EMP1118,34,Sales,Sales Rep,Medium,Yes,1,6,Married,Master,No
EMP1119,42,Sales,Sales Executive,Low,Yes,1,3,Single,Below College,Yes
EMP1120,46,Operations,Operations Manager,Medium,No,3,5,Married,Below College,No
EMP1121,26,Finance,Finance Analyst,Medium,No,3,2,Married,Bachelor,No
EMP1122,49,Operations,Operations Manager,Medium,No,2,1,Divorced,College,No
EMP1123,45,IT,IT Support,Low,No,4,6,Single,Master,Yes
EMP1124,45,Sales,Sales Executive,Low,Yes,4,2,Divorced,Bachelor,No
EMP1125,44,Sales,Sales Executive,Low,No,1,19,Married,Master,No
EMP1126,42,IT,IT Support,Medium,No,4,4,Divorced,Master,No
EMP1127,36,IT,IT Support,High,No,2,16,Divorced,College,No
EMP1128,29,Sales,Sales Rep,Low,No,2,16,Divorced,Bachelor,No
EMP1129,40,Sales,Sales Manager,Low,No,1,2,Divorced,Doctor,Yes
EMP1130,37,Operations,Operations Manager,Low,No,4,11,Divorced,College,No
EMP1131,29,HR,HR Manager,Medium,Yes,3,8,Single,Doctor,No
EMP1132,51,Sales,Sales Rep,High,No,2,15,Married,Master,No
EMP1133,43,R&D,Research Scientist,High,No,1,16,Married,Bachelor,No
EMP1134,33,Sales,Sales Manager,Medium,No,3,17,Single,Doctor,No
EMP1135,21,IT,Tech Lead,Low,No,2,0,Divorced,Below College,Yes
EMP1136,28,IT,IT Support,Low,No,4,18,Divorced,Below College,No
EMP1137,40,IT,Software Engineer,Medium,No,3,7,Married,Below College,No
EMP1138,33,Operations,Operations Analyst,Medium,No,3,18,Single,Doctor,No
EMP1139,24,Finance,Finance Analyst,Low,No,4,8,Divorced,College,Yes
EMP1140,38,IT,Software Engineer,Low,Yes,4,19,Single,Master,Yes
EMP1141,34,HR,HR Executive,Low,Yes,3,15,Single,Doctor,Yes
EMP1142,32,Sales,Sales Executive,Low,No,4,6,Divorced,Bachelor,No
EMP1143,24,IT,IT Support,High,No,2,14,Single,College,No
EMP1144,39,Finance,Finance Manager,Medium,No,4,11,Single,Below College,No
EMP1145,26,R&D,Lab Technician,Medium,No,4,13,Divorced,College,Yes
EMP1146,34,Sales,Sales Manager,Medium,No,4,0,Single,College,No
EMP1147,46,IT,Tech Lead,Low,Yes,2,10,Married,Bachelor,No
EMP1148,47,Operations,Operations Analyst,Medium,No,4,1,Single,Master,No
EMP1149,34,Operations,Operations Analyst,Low,No,3,6,Married,College,No
EMP1150,18,Finance,Finance Manager,Medium,No,4,5,Single,Doctor,Yes
EMP1151,42,IT,Software Engineer,Medium,No,3,16,Married,Below College,No
EMP1152,27,Finance,Finance Analyst,Low,Yes,4,10,Single,Bachelor,Yes
EMP1153,23,IT,IT Support,Medium,No,4,1,Single,Below College,No
EMP1154,42,Finance,Finance Analyst,Low,No,4,10,Single,Below College,No
EMP1155,19,Finance,Finance Analyst,Low,No,4,7,Single,College,Yes
EMP1156,42,Operations,Operations Analyst,Low,Yes,4,6,Married,Bachelor,No
EMP1157,44,Sales,Sales Rep,Medium,No,1,11,Single,College,No
EMP1158,40,HR,HR Executive,Low,No,4,16,Single,Master,No
EMP1159,37,Finance,Finance Manager,High,No,1,11,Divorced,Doctor,No
EMP1160,34,R&D,Research Scientist,High,No,4,1,Married,Bachelor,No
EMP1161,31,HR,HR Executive,Medium,Yes,1,9,Single,Doctor,No
EMP1162,26,Finance,Finance Analyst,Low,Yes,4,7,Single,Bachelor,No
EMP1163,57,Operations,Operations Analyst,Low,No,4,2,Single,Doctor,No
EMP1164,31,Finance,Finance Analyst,Low,No,3,15,Divorced,Below College,Yes
EMP1165,27,R&D,Manager R&D,Low,No,3,16,Married,Doctor,No
EMP1166,35,Operations,Operations Manager,Medium,Yes,4,19,Married,Master,No
EMP1167,41,Sales,Sales Executive,High,Yes,4,8,Single,Below College,No
EMP1168,45,R&D,Manager R&D,Low,No,3,18,Single,Master,Yes
EMP1169,33,R&D,Research Scientist,Low,Yes,1,10,Single,Master,No
EMP1170,34,HR,HR Manager,Low,Yes,4,7,Divorced,Bachelor,No
EMP1171,28,Operations,Operations Analyst,High,Yes,1,0,Divorced,Doctor,Yes
EMP1172,33,Operations,Operations Analyst,High,No,2,7,Divorced,Below College,No
EMP1173,43,IT,Tech Lead,High,No,4,4,Married,Master,No
EMP1174,35,HR,HR Manager,Medium,No,3,15,Divorced,College,No
EMP1175,32,Operations,Operations Manager,Medium,No,3,6,Divorced,Doctor,No
EMP1176,37,Finance,Finance Manager,Medium,Yes,3,11,Single,Bachelor,No
EMP1177,28,Sales,Sales Manager,Low,No,2,14,Single,Master,Yes
EMP1178,18,Sales,Sales Manager,Medium,Yes,1,17,Married,Doctor,No
EMP1179,31,R&D,Research Scientist,Low,No,2,18,Married,Bachelor,Yes
EMP1180,18,Operations,Operations Manager,Medium,No,1,3,Married,College,Yes
EMP1181,33,IT,Software Engineer,Medium,Yes,2,11,Single,Below College,Yes
EMP1182,39,HR,HR Manager,Low,Yes,3,20,Married,College,No
EMP1183,44,HR,HR Manager,Low,No,1,18,Married,Bachelor,No
EMP1184,40,IT,Software Engineer,Medium,No,1,11,Single,Master,No
EMP1185,36,Finance,Finance Manager,Low,Yes,4,12,Married,Master,No
EMP1186,26,R&D,Manager R&D,Medium,Yes,1,18,Divorced,Master,No
EMP1187,26,HR,HR Executive,Medium,No,4,3,Single,Bachelor,No
EMP1188,34,Sales,Sales Executive,High,No,1,13,Married,Doctor,No
EMP1189,28,HR,HR Manager,Low,No,4,3,Married,College,No
EMP1190,27,Operations,Operations Analyst,Medium,Yes,3,1,Single,College,Yes
EMP1191,36,Sales,Sales Manager,Medium,No,2,20,Married,Bachelor,No
EMP1192,28,IT,Software Engineer,Medium,No,1,10,Divorced,Doctor,Yes
EMP1193,19,Operations,Operations Analyst,Medium,No,2,14,Single,Master,Yes
EMP1194,34,HR,HR Executive,Medium,No,4,12,Single,Bachelor,No
EMP1195,27,HR,HR Executive,Low,Yes,4,1,Single,Doctor,No
EMP1196,40,IT,Tech Lead,Low,No,3,20,Divorced,Below College,No
EMP1197,47,R&D,Lab Technician,Low,Yes,3,2,Single,Master,Yes
EMP1198,42,Operations,Operations Manager,High,No,2,8,Married,Doctor,No
EMP1199,39,Sales,Sales Executive,Medium,No,3,0,Married,College,No
EMP1200,48,IT,IT Support,Low,Yes,2,9,Married,Doctor,No
EMP1201,27,IT,Tech Lead,Low,No,1,3,Married,College,Yes
EMP1202,30,IT,IT Support,Medium,No,4,0,Divorced,Bachelor,No
EMP1203,37,R&D,Manager R&D,High,Yes,2,1,Divorced,Bachelor,No
EMP1204,32,Operations,Operations Analyst,Low,Yes,2,1,Divorced,Master,No
EMP1205,37,Sales,Sales Rep,High,No,2,20,Married,Master,No
EMP1206,32,R&D,Manager R&D,Low,No,2,0,Divorced,Bachelor,No
EMP1207,33,Sales,Sales Rep,Low,Yes,1,17,Divorced,College,No
EMP1208,32,Finance,Finance Analyst,Medium,Yes,2,16,Married,College,Yes
EMP1209,42,Operations,Operations Manager,High,Yes,4,6,Divorced,Master,No
EMP1210,34,Sales,Sales Executive,High,No,1,14,Married,Master,No
EMP1211,24,R&D,Lab Technician,Medium,Yes,1,4,Single,Doctor,Yes
EMP1212,34,R&D,Lab Technician,Medium,No,3,1,Married,Doctor,No
EMP1213,30,R&D,Research Scientist,Low,Yes,4,5,Married,Master,No
EMP1214,48,IT,Software Engineer,Low,No,3,2,Single,College,No
EMP1215,39,Finance,Finance Manager,High,No,3,0,Divorced,Master,No
EMP1216,47,Finance,Finance Analyst,Low,No,3,1,Married,Bachelor,No
EMP1217,36,Finance,Finance Manager,Low,No,3,19,Married,College,No
EMP1218,44,Finance,Finance Manager,Low,No,4,5,Divorced,Bachelor,No
EMP1219,42,Finance,Finance Analyst,Medium,Yes,3,7,Married,Bachelor,Yes
EMP1220,41,Sales,Sales Manager,Low,Yes,3,4,Married,Bachelor,No
EMP1221,20,Finance,Finance Analyst,Medium,No,3,6,Married,College,No
EMP1222,37,Operations,Operations Analyst,High,No,1,7,Single,Doctor,No
EMP1223,48,R&D,Manager R&D,Medium,Yes,1,1,Single,Bachelor,No
EMP1224,36,IT,Software Engineer,High,No,3,5,Divorced,Bachelor,No
EMP1225,46,Finance,Finance Analyst,Low,No,1,16,Single,Below College,Yes
EMP1226,31,Operations,Operations Analyst,Low,Yes,1,10,Married,Below College,Yes
EMP1227,33,HR,HR Executive,High,No,4,7,Divorced,Bachelor,No
EMP1228,42,R&D,Research Scientist,Medium,Yes,2,5,Divorced,Master,No
EMP1229,23,IT,IT Support,Medium,No,1,18,Married,College,No
EMP1230,51,HR,HR Manager,Medium,No,2,3,Single,Bachelor,No
EMP1231,33,Sales,Sales Manager,High,Yes,3,17,Married,Doctor,No
EMP1232,47,IT,Tech Lead,High,Yes,1,20,Single,Bachelor,No
EMP1233,30,R&D,Manager R&D,High,No,1,20,Single,Master,No
EMP1234,42,HR,HR Manager,Low,No,4,14,Divorced,Bachelor,No
EMP1235,32,IT,Software Engineer,High,Yes,4,1,Married,Master,No
EMP1236,22,Sales,Sales Executive,Medium,No,2,15,Divorced,Bachelor,No
EMP1237,32,Finance,Finance Manager,High,No,3,4,Single,Doctor,No
EMP1238,34,Finance,Finance Manager,Medium,No,4,3,Single,Bachelor,No
EMP1239,40,Sales,Sales Rep,Low,No,4,20,Divorced,Master,No
EMP1240,28,IT,Tech Lead,Medium,No,2,8,Single,College,No
EMP1241,40,HR,HR Manager,High,Yes,2,4,Married,Doctor,Yes
EMP1242,33,HR,HR Manager,Medium,No,2,19,Single,Master,Yes
EMP1243,18,HR,HR Manager,Low,No,2,1,Married,Below College,Yes
EMP1244,44,HR,HR Executive,Medium,No,2,3,Married,Doctor,No
EMP1245,45,R&D,Research Scientist,Low,No,2,2,Married,Master,Yes
EMP1246,32,IT,IT Support,Medium,No,4,13,Married,College,No
EMP1247,34,Sales,Sales Executive,Medium,No,1,7,Divorced,Bachelor,No
EMP1248,31,HR,HR Manager,High,No,2,9,Single,Doctor,No
EMP1249,39,Finance,Finance Manager,High,Yes,3,7,Single,Below College,No
EMP1250,30,Operations,Operations Analyst,Low,Yes,2,14,Married,Doctor,No
EMP1251,43,HR,HR Executive,Medium,No,2,5,Single,College,No
EMP1252,34,R&D,Lab Technician,High,No,3,1,Married,Bachelor,No
EMP1253,24,Finance,Finance Analyst,Medium,No,2,18,Single,Bachelor,No
EMP1254,42,IT,IT Support,Medium,Yes,4,20,Divorced,College,No
EMP1255,40,R&D,Lab Technician,Low,No,3,17,Single,Master,No
EMP1256,19,Sales,Sales Manager,Medium,No,1,17,Single,Below College,Yes
EMP1257,37,Sales,Sales Executive,Medium,Yes,4,20,Single,Below College,Yes
EMP1258,41,Sales,Sales Manager,Medium,No,3,8,Married,Bachelor,No
EMP1259,35,Finance,Finance Manager,Medium,No,3,1,Single,Doctor,No
EMP1260,31,HR,HR Manager,Medium,No,4,20,Divorced,Doctor,No
EMP1261,47,R&D,Research Scientist,Medium,No,1,7,Divorced,Below College,No
EMP1262,30,IT,Tech Lead,Low,No,4,3,Divorced,Below College,Yes
EMP1263,51,R&D,Research Scientist,High,Yes,4,20,Married,Doctor,No
EMP1264,29,HR,HR Manager,High,No,2,14,Divorced,Master,No
EMP1265,44,HR,HR Executive,High,No,2,5,Single,Doctor,No
EMP1266,52,Sales,Sales Manager,Low,No,1,7,Divorced,Below College,No
EMP1267,24,Operations,Operations Analyst,Medium,No,3,6,Married,Below College,No
EMP1268,40,IT,IT Support,Medium,No,3,5,Married,Doctor,No
EMP1269,29,R&D,Manager R&D,Medium,No,1,20,Single,Below College,No
EMP1270,43,Sales,Sales Manager,Low,No,1,7,Single,Bachelor,No
EMP1271,48,Sales,Sales Manager,Low,Yes,2,18,Divorced,Master,No
EMP1272,51,Sales,Sales Executive,Low,No,1,12,Divorced,Master,Yes
EMP1273,45,R&D,Lab Technician,Low,Yes,1,11,Divorced,College,No
EMP1274,33,Sales,Sales Manager,High,No,4,7,Married,College,No
EMP1275,42,Operations,Operations Manager,Low,No,1,1,Married,Doctor,No
EMP1276,59,HR,HR Executive,High,Yes,4,19,Single,Doctor,No
EMP1277,47,R&D,Lab Technician,Low,No,2,14,Divorced,Master,No
EMP1278,56,Operations,Operations Analyst,High,Yes,2,8,Divorced,Doctor,No
EMP1279,46,Sales,Sales Manager,Medium,Yes,2,20,Divorced,Master,No
EMP1280,25,IT,Software Engineer,Medium,Yes,2,9,Single,College,No
EMP1281,33,Operations,Operations Analyst,High,Yes,4,16,Married,Master,No
EMP1282,42,Sales,Sales Manager,Low,No,1,10,Married,Master,No
EMP1283,27,R&D,Research Scientist,Medium,No,2,7,Single,Doctor,No
EMP1284,42,IT,Software Engineer,High,No,2,0,Single,College,No
EMP1285,18,HR,HR Executive,High,No,2,20,Married,Below College,No
EMP1286,35,Operations,Operations Analyst,High,No,1,16,Single,Master,No
EMP1287,41,Sales,Sales Rep,High,No,1,11,Divorced,Doctor,No
EMP1288,19,Operations,Operations Manager,Low,No,3,9,Single,Below College,No
EMP1289,41,Operations,Operations Analyst,Low,No,3,2,Single,Doctor,Yes
EMP1290,44,Operations,Operations Manager,Low,No,4,5,Single,Bachelor,No
EMP1291,44,Operations,Operations Manager,High,No,1,0,Married,College,No
EMP1292,21,R&D,Research Scientist,Medium,No,3,4,Single,Doctor,Yes
EMP1293,23,Operations,Operations Manager,Low,Yes,3,17,Married,Doctor,Yes
EMP1294,46,R&D,Research Scientist,Medium,No,3,18,Divorced,Bachelor,No
EMP1295,46,IT,Software Engineer,Medium,No,4,12,Single,Doctor,Yes
EMP1296,26,Sales,Sales Executive,Medium,No,2,12,Married,Doctor,Yes
EMP1297,24,Sales,Sales Manager,Low,No,2,5,Married,Bachelor,Yes
EMP1298,45,Finance,Finance Manager,Medium,No,3,11,Single,Doctor,No
EMP1299,18,HR,HR Manager,Low,No,4,12,Married,College,No
EMP1300,42,Sales,Sales Rep,Low,No,1,12,Divorced,Bachelor,No
EMP1301,21,Finance,Finance Manager,Medium,No,3,7,Divorced,Below College,No
EMP1302,23,Sales,Sales Executive,Low,Yes,4,13,Married,Master,Yes
EMP1303,37,HR,HR Manager,Low,No,4,7,Single,Below College,No
EMP1304,42,IT,IT Support,Low,No,1,19,Single,Doctor,No
EMP1305,42,IT,Tech Lead,Low,No,4,18,Single,Below College,No
EMP1306,37,Operations,Operations Manager,Medium,No,2,14,Married,College,No
EMP1307,28,HR,HR Manager,Low,No,1,3,Divorced,College,No
EMP1308,29,IT,IT Support,Medium,No,1,3,Married,Doctor,No
EMP1309,38,Sales,Sales Executive,Medium,Yes,4,12,Divorced,Master,No
EMP1310,42,IT,Software Engineer,Medium,No,1,6,Divorced,Doctor,No
EMP1311,28,IT,Tech Lead,Medium,No,1,14,Married,Below College,No
EMP1312,29,R&D,Lab Technician,Medium,Yes,2,14,Divorced,Doctor,No
EMP1313,30,HR,HR Manager,Medium,No,3,6,Single,Below College,No
EMP1314,36,Sales,Sales Executive,High,No,4,18,Single,Below College,No
EMP1315,27,Sales,Sales Rep,Medium,No,3,10,Divorced,Doctor,Yes
EMP1316,35,HR,HR Manager,Medium,No,3,0,Divorced,College,No
EMP1317,37,Finance,Finance Manager,Low,Yes,4,3,Married,Bachelor,No
EMP1318,40,R&D,Lab Technician,Low,No,1,12,Single,Doctor,No
EMP1319,40,Sales,Sales Executive,High,Yes,3,6,Single,Bachelor,No
EMP1320,24,Sales,Sales Manager,Low,No,3,5,Single,Doctor,No
EMP1321,36,Finance,Finance Manager,Low,No,2,19,Married,College,No
EMP1322,40,IT,Tech Lead,Low,No,3,12,Divorced,College,No
EMP1323,29,Operations,Operations Analyst,Medium,No,3,18,Single,Master,Yes
EMP1324,32,Operations,Operations Analyst,Medium,No,1,8,Single,Master,No
EMP1325,48,IT,IT Support,Low,No,3,13,Divorced,Master,No
EMP1326,18,IT,IT Support,Low,No,4,3,Single,Below College,No
EMP1327,55,Finance,Finance Manager,Low,No,3,1,Single,College,No
EMP1328,47,R&D,Research Scientist,Medium,No,3,14,Married,College,No
EMP1329,33,HR,HR Manager,Medium,No,2,17,Divorced,Doctor,No
EMP1330,50,Finance,Finance Analyst,Low,No,3,1,Married,Bachelor,No
EMP1331,27,Operations,Operations Manager,Low,No,4,0,Single,Below College,No
EMP1332,40,Sales,Sales Executive,Medium,No,4,14,Married,Bachelor,No
EMP1333,23,Finance,Finance Analyst,Low,No,1,14,Divorced,Master,No
EMP1334,50,Sales,Sales Rep,Low,No,1,10,Divorced,Below College,No
EMP1335,30,R&D,Lab Technician,Low,Yes,3,4,Single,College,No
EMP1336,43,Sales,Sales Executive,Low,No,3,18,Divorced,Below College,Yes
EMP1337,37,Finance,Finance Analyst,Low,No,1,9,Married,College,No
EMP1338,32,Sales,Sales Manager,Low,No,1,3,Divorced,College,Yes
EMP1339,31,HR,HR Manager,Medium,No,1,10,Married,Bachelor,No
EMP1340,58,Sales,Sales Manager,Medium,No,3,18,Married,Doctor,No
EMP1341,30,Operations,Operations Manager,Medium,Yes,4,2,Single,Doctor,No
EMP1342,40,R&D,Manager R&D,Low,No,3,17,Single,College,Yes
EMP1343,42,Operations,Operations Analyst,Low,No,4,11,Divorced,Master,Yes
EMP1344,46,Operations,Operations Analyst,High,No,4,5,Married,College,No
EMP1345,46,IT,Software Engineer,Low,Yes,3,6,Married,Doctor,Yes
EMP1346,26,Sales,Sales Executive,Low,No,1,18,Divorced,Bachelor,No
EMP1347,36,Finance,Finance Analyst,High,No,2,1,Divorced,Bachelor,No
EMP1348,42,Operations,Operations Manager,Low,Yes,4,16,Married,Bachelor,No
EMP1349,38,Operations,Operations Analyst,Low,No,1,19,Single,Master,Yes
EMP1350,29,Sales,Sales Manager,Medium,No,3,9,Married,Below College,No
EMP1351,31,HR,HR Executive,Low,No,3,8,Divorced,Doctor,No
EMP1352,35,Finance,Finance Analyst,Medium,No,3,11,Divorced,Master,No
EMP1353,25,Operations,Operations Analyst,Medium,No,3,20,Married,Bachelor,No
EMP1354,35,Finance,Finance Analyst,Medium,No,3,18,Married,Bachelor,No
EMP1355,41,HR,HR Executive,Medium,No,2,15,Single,Bachelor,No
EMP1356,41,Sales,Sales Rep,Low,No,3,2,Married,College,No
EMP1357,40,R&D,Manager R&D,Medium,No,1,15,Divorced,Below College,No
EMP1358,28,HR,HR Manager,Medium,No,4,13,Married,College,No
EMP1359,21,Operations,Operations Manager,Medium,Yes,1,3,Married,Doctor,No
EMP1360,39,IT,IT Support,Medium,Yes,1,12,Married,Below College,Yes
EMP1361,29,HR,HR Manager,Low,No,4,7,Divorced,Below College,No
EMP1362,39,Finance,Finance Manager,High,No,1,16,Single,Doctor,No
EMP1363,50,Operations,Operations Manager,High,No,3,5,Married,College,No
EMP1364,37,Operations,Operations Analyst,Low,No,3,13,Divorced,Bachelor,No
EMP1365,34,HR,HR Executive,Medium,Yes,2,12,Married,Below College,No
EMP1366,29,Sales,Sales Executive,Medium,No,2,17,Divorced,College,No
EMP1367,27,R&D,Lab Technician,Low,No,3,11,Married,Master,No
EMP1368,47,Operations,Operations Manager,High,No,2,6,Single,Bachelor,No
EMP1369,18,Sales,Sales Rep,High,No,2,15,Divorced,Bachelor,No
EMP1370,34,HR,HR Executive,High,No,2,14,Married,College,No
EMP1371,46,Operations,Operations Manager,Medium,No,2,17,Married,College,No
EMP1372,26,Sales,Sales Rep,Low,Yes,4,8,Married,Below College,Yes
EMP1373,35,Finance,Finance Manager,Medium,No,2,11,Single,Master,No
EMP1374,33,Finance,Finance Analyst,Low,No,2,10,Married,College,No
EMP1375,41,Sales,Sales Rep,Medium,No,4,8,Divorced,Bachelor,No
EMP1376,49,IT,Software Engineer,High,No,4,0,Single,Master,No
EMP1377,32,Operations,Operations Manager,Low,No,2,9,Single,Doctor,Yes
EMP1378,26,Operations,Operations Manager,Low,Yes,4,8,Married,Below College,Yes
EMP1379,30,R&D,Research Scientist,Low,No,1,19,Divorced,Bachelor,No
EMP1380,53,Finance,Finance Analyst,Low,Yes,1,15,Single,Below College,No
EMP1381,53,Sales,Sales Rep,Medium,Yes,3,11,Single,Bachelor,No
EMP1382,39,HR,HR Executive,Low,No,4,1,Single,College,No
EMP1383,41,Operations,Operations Analyst,Low,No,3,16,Divorced,College,No
EMP1384,30,Operations,Operations Manager,Low,No,1,12,Divorced,Below College,No
EMP1385,45,HR,HR Manager,Medium,No,1,20,Married,Bachelor,No
EMP1386,33,Finance,Finance Analyst,Medium,No,3,11,Married,Below College,No
EMP1387,28,IT,Tech Lead,High,No,4,9,Married,Master,No
EMP1388,38,Operations,Operations Analyst,Low,No,3,3,Single,Doctor,No
EMP1389,33,R&D,Research Scientist,High,No,4,7,Single,Bachelor,Yes
EMP1390,37,Operations,Operations Analyst,Medium,Yes,2,9,Married,Bachelor,No
EMP1391,35,HR,HR Manager,Medium,No,1,12,Married,Doctor,No
EMP1392,39,Sales,Sales Manager,Low,No,4,17,Married,Master,No
EMP1393,37,R&D,Lab Technician,Medium,Yes,1,4,Single,Doctor,No
EMP1394,52,R&D,Lab Technician,Low,Yes,1,5,Single,College,No
EMP1395,42,R&D,Manager R&D,Medium,Yes,2,14,Single,Doctor,No
EMP1396,33,HR,HR Manager,Medium,Yes,2,9,Married,Below College,Yes
EMP1397,40,R&D,Manager R&D,Medium,Yes,3,12,Married,Bachelor,No
EMP1398,30,Operations,Operations Manager,Medium,No,2,19,Divorced,College,No
EMP1399,35,Operations,Operations Analyst,Medium,Yes,3,5,Married,College,No
EMP1400,26,Sales,Sales Manager,High,Yes,2,15,Divorced,College,No
EMP1401,26,Sales,Sales Rep,Medium,Yes,4,7,Divorced,Master,No
EMP1402,37,IT,Tech Lead,High,Yes,3,10,Married,College,No
EMP1403,23,HR,HR Manager,High,Yes,3,3,Single,Master,Yes
EMP1404,37,Finance,Finance Manager,High,No,1,5,Divorced,Master,No
EMP1405,32,IT,IT Support,High,Yes,2,1,Divorced,College,No
EMP1406,36,Finance,Finance Manager,Medium,No,1,20,Single,Bachelor,No
EMP1407,42,HR,HR Manager,Low,No,1,13,Single,Doctor,No
EMP1408,45,Operations,Operations Manager,Medium,No,4,4,Married,Master,No
EMP1409,39,Finance,Finance Manager,Low,No,3,15,Married,Bachelor,No
EMP1410,28,Operations,Operations Analyst,Medium,No,2,6,Married,College,No
EMP1411,41,R&D,Manager R&D,Medium,Yes,3,5,Single,Below College,Yes
EMP1412,49,Operations,Operations Manager,Low,No,4,2,Divorced,Below College,Yes
EMP1413,38,Sales,Sales Executive,Low,Yes,4,2,Married,Master,No
EMP1414,19,IT,IT Support,Medium,No,2,6,Married,Below College,No
EMP1415,24,R&D,Research Scientist,Low,Yes,4,15,Divorced,Master,No
EMP1416,39,Operations,Operations Manager,Medium,No,4,6,Married,Doctor,No
EMP1417,33,HR,HR Manager,Low,No,4,12,Divorced,Bachelor,Yes
EMP1418,56,IT,Software Engineer,Low,Yes,4,7,Divorced,College,No
EMP1419,31,R&D,Lab Technician,High,No,1,13,Married,Doctor,No
EMP1420,33,R&D,Lab Technician,Low,Yes,4,20,Single,Doctor,No
EMP1421,41,HR,HR Executive,Low,Yes,2,11,Married,Doctor,No
EMP1422,18,Operations,Operations Analyst,Low,No,4,3,Divorced,Master,No
EMP1423,43,Finance,Finance Analyst,High,No,3,20,Divorced,Master,No
EMP1424,33,IT,Tech Lead,Medium,No,1,11,Married,Master,No
EMP1425,23,R&D,Lab Technician,Medium,No,2,14,Single,Bachelor,Yes
EMP1426,32,R&D,Manager R&D,High,No,3,18,Divorced,Doctor,No
EMP1427,46,Sales,Sales Executive,High,Yes,1,20,Divorced,Bachelor,No
EMP1428,38,Operations,Operations Manager,High,No,4,20,Divorced,Below College,No
EMP1429,18,Operations,Operations Manager,High,Yes,2,4,Single,Doctor,Yes
EMP1430,40,Finance,Finance Analyst,Low,Yes,3,5,Divorced,Below College,Yes
EMP1431,33,Operations,Operations Analyst,High,No,3,10,Single,Bachelor,No
EMP1432,37,R&D,Research Scientist,Low,No,2,0,Single,Master,Yes
EMP1433,24,R&D,Lab Technician,Low,No,3,2,Married,Below College,No
EMP1434,44,R&D,Research Scientist,Medium,No,3,1,Single,College,No
EMP1435,44,HR,HR Manager,Low,Yes,3,7,Divorced,College,Yes
EMP1436,37,IT,Tech Lead,Low,No,4,9,Divorced,Master,No
EMP1437,36,R&D,Lab Technician,Low,No,3,12,Single,Doctor,No
EMP1438,46,HR,HR Manager,Medium,No,1,0,Married,Master,No
EMP1439,40,HR,HR Manager,Low,Yes,1,6,Married,College,Yes
EMP1440,33,IT,IT Support,Medium,No,2,2,Married,Below College,No
EMP1441,34,R&D,Manager R&D,Medium,No,4,14,Divorced,Master,No
EMP1442,40,Operations,Operations Analyst,Medium,No,2,4,Divorced,Doctor,No
EMP1443,52,R&D,Research Scientist,Low,No,4,16,Married,Bachelor,No
EMP1444,31,Sales,Sales Manager,Medium,No,1,18,Divorced,Bachelor,No
EMP1445,32,IT,Tech Lead,High,No,4,14,Divorced,Master,No
EMP1446,43,IT,Software Engineer,Low,No,4,4,Single,Bachelor,Yes
EMP1447,31,HR,HR Executive,Low,No,2,2,Single,Master,No
EMP1448,27,IT,Software Engineer,Low,Yes,4,5,Married,Bachelor,No
EMP1449,26,IT,Tech Lead,High,No,4,11,Divorced,Bachelor,No
EMP1450,49,Operations,Operations Manager,High,Yes,1,9,Single,Doctor,No
EMP1451,28,HR,HR Manager,Medium,No,2,8,Married,Below College,No
EMP1452,33,Finance,Finance Manager,Low,No,3,17,Married,Doctor,No
EMP1453,22,Operations,Operations Analyst,Low,No,3,11,Divorced,Below College,No
EMP1454,35,Finance,Finance Manager,Medium,No,3,13,Divorced,Bachelor,No
EMP1455,32,IT,Tech Lead,Low,Yes,3,4,Married,Bachelor,No
EMP1456,34,R&D,Research Scientist,Low,No,4,6,Married,Bachelor,Yes
EMP1457,32,IT,IT Support,Medium,Yes,3,6,Married,Doctor,No
EMP1458,36,Finance,Finance Analyst,High,No,2,11,Married,College,Yes
EMP1459,34,Operations,Operations Manager,Low,Yes,1,8,Divorced,Master,No
EMP1460,34,HR,HR Manager,Low,No,4,4,Married,Doctor,Yes
EMP1461,29,HR,HR Executive,Low,Yes,4,11,Divorced,Below College,Yes
EMP1462,29,R&D,Research Scientist,Low,No,3,10,Single,Master,Yes
EMP1463,43,Sales,Sales Rep,High,No,2,10,Married,Doctor,No
EMP1464,34,HR,HR Executive,Medium,No,1,6,Divorced,College,No
EMP1465,46,Sales,Sales Executive,Low,Yes,2,18,Divorced,College,Yes
EMP1466,32,HR,HR Executive,Low,No,1,0,Divorced,College,No
EMP1467,30,Operations,Operations Manager,Low,No,1,3,Single,Master,No
EMP1468,45,HR,HR Executive,Low,No,4,0,Single,Doctor,No
EMP1469,34,Sales,Sales Manager,Low,Yes,2,8,Single,Bachelor,No
EMP1470,33,Operations,Operations Analyst,Medium,No,3,7,Married,Below College,No
EMP1471,32,Sales,Sales Executive,Medium,Yes,4,20,Divorced,Doctor,No
EMP1472,48,Sales,Sales Manager,Medium,Yes,3,13,Single,College,No
EMP1473,36,Finance,Finance Analyst,Low,Yes,1,8,Divorced,Doctor,Yes
EMP1474,41,Sales,Sales Manager,Low,No,3,4,Divorced,Below College,No
EMP1475,45,IT,Tech Lead,Medium,Yes,1,8,Single,Doctor,No
EMP1476,39,IT,Tech Lead,Medium,No,3,19,Married,Master,No
EMP1477,26,HR,HR Executive,Medium,No,1,15,Divorced,Bachelor,No
EMP1478,39,R&D,Manager R&D,High,Yes,3,16,Single,College,Yes
EMP1479,47,Sales,Sales Rep,High,Yes,3,7,Single,Doctor,No
EMP1480,43,Sales,Sales Executive,Medium,No,3,7,Single,Doctor,No
EMP1481,38,IT,IT Support,High,No,2,16,Married,Bachelor,No
EMP1482,31,R&D,Research Scientist,Medium,No,3,16,Single,Master,No
EMP1483,44,R&D,Research Scientist,Low,No,3,13,Married,Below College,No
EMP1484,19,HR,HR Executive,Medium,Yes,2,13,Single,Bachelor,Yes
EMP1485,45,R&D,Lab Technician,Low,Yes,3,7,Divorced,Bachelor,Yes
EMP1486,47,HR,HR Executive,Medium,No,3,2,Divorced,Doctor,No
EMP1487,28,Finance,Finance Analyst,Low,No,2,20,Married,Below College,No
EMP1488,36,Operations,Operations Analyst,High,No,3,12,Married,College,No
EMP1489,20,Operations,Operations Manager,Low,No,4,20,Single,College,No
EMP1490,35,HR,HR Executive,Medium,No,3,13,Single,Bachelor,No
EMP1491,30,Operations,Operations Analyst,Low,No,4,6,Married,Bachelor,No
EMP1492,24,Finance,Finance Analyst,Low,No,2,5,Married,Doctor,No
EMP1493,38,Finance,Finance Analyst,High,Yes,1,7,Divorced,Bachelor,No
EMP1494,50,IT,Tech Lead,Medium,No,2,9,Married,Below College,No
EMP1495,44,Operations,Operations Manager,Low,No,4,3,Divorced,Below College,No
EMP1496,32,HR,HR Manager,Medium,Yes,3,3,Married,Bachelor,No
EMP1497,49,Finance,Finance Manager,High,No,1,20,Divorced,College,Yes
EMP1498,44,HR,HR Manager,Medium,No,2,2,Divorced,Master,No
EMP1499,54,Operations,Operations Manager,Low,No,2,14,Married,Bachelor,Yes
EMP1500,33,Sales,Sales Executive,Low,Yes,3,11,Divorced,Below College,Yes
EMP1501,44,HR,HR Manager,Low,Yes,1,20,Married,Doctor,No
EMP1502,53,Operations,Operations Analyst,Low,Yes,3,5,Divorced,Bachelor,No
EMP1503,19,Finance,Finance Manager,Medium,No,2,15,Married,Doctor,No
EMP1504,42,Finance,Finance Analyst,Low,No,3,11,Single,Below College,Yes
EMP1505,26,IT,IT Support,High,No,2,9,Married,College,Yes
EMP1506,30,Sales,Sales Rep,Medium,No,3,11,Married,Bachelor,No
EMP1507,36,Operations,Operations Manager,Medium,No,1,14,Married,Master,No
EMP1508,39,IT,Tech Lead,Low,No,2,9,Married,Below College,No
EMP1509,51,IT,Software Engineer,High,Yes,1,0,Single,Bachelor,No
EMP1510,37,Finance,Finance Manager,Medium,Yes,3,7,Married,Doctor,No
EMP1511,36,Sales,Sales Manager,Medium,Yes,4,18,Married,College,No
EMP1512,30,R&D,Lab Technician,High,Yes,1,16,Married,College,Yes
EMP1513,26,IT,Software Engineer,Medium,Yes,1,8,Married,Below College,No
EMP1514,25,R&D,Lab Technician,Low,No,1,10,Married,Master,No
EMP1515,43,IT,Tech Lead,Low,No,1,9,Married,Doctor,No
EMP1516,28,HR,HR Executive,Medium,No,1,20,Married,Below College,No
EMP1517,50,R&D,Manager R&D,Medium,Yes,2,4,Married,College,No
EMP1518,41,IT,Tech Lead,Medium,No,3,14,Divorced,College,No
EMP1519,47,Finance,Finance Manager,Low,Yes,3,19,Single,Bachelor,Yes
EMP1520,34,Finance,Finance Manager,Low,Yes,1,6,Divorced,Master,Yes
EMP1521,49,R&D,Research Scientist,Low,Yes,2,0,Married,Below College,No
EMP1522,33,Sales,Sales Manager,High,No,2,7,Divorced,College,Yes
EMP1523,36,Operations,Operations Analyst,Low,No,2,19,Married,Bachelor,No
EMP1524,23,Finance,Finance Manager,Low,No,4,9,Single,Doctor,No
EMP1525,23,HR,HR Manager,Medium,Yes,1,11,Divorced,Bachelor,Yes
EMP1526,30,Operations,Operations Analyst,High,No,1,5,Single,Bachelor,No
EMP1527,39,IT,Software Engineer,Low,No,3,20,Single,College,No
EMP1528,39,Finance,Finance Analyst,Low,Yes,4,20,Married,Bachelor,Yes
EMP1529,42,Operations,Operations Analyst,Medium,No,1,16,Divorced,College,No
EMP1530,38,Sales,Sales Manager,Low,Yes,4,7,Married,College,Yes
EMP1531,21,IT,Tech Lead,High,No,1,1,Divorced,Master,No
EMP1532,31,IT,Tech Lead,Low,Yes,3,20,Married,College,No
EMP1533,32,R&D,Research Scientist,Medium,Yes,1,20,Married,Bachelor,No
EMP1534,40,R&D,Manager R&D,Medium,No,1,2,Married,Master,No
EMP1535,43,Operations,Operations Analyst,Low,No,3,10,Divorced,Doctor,No
EMP1536,29,R&D,Manager R&D,Medium,No,2,10,Divorced,Doctor,No
EMP1537,22,IT,Tech Lead,High,Yes,4,7,Married,Master,Yes
EMP1538,40,Operations,Operations Analyst,Medium,Yes,4,7,Single,Master,No
EMP1539,48,Operations,Operations Analyst,Medium,No,2,20,Divorced,College,No
EMP1540,48,Finance,Finance Analyst,Medium,Yes,3,7,Divorced,Bachelor,No
EMP1541,32,Sales,Sales Executive,Medium,No,3,4,Married,Below College,No
EMP1542,34,HR,HR Executive,Low,No,1,18,Divorced,College,No
EMP1543,30,Sales,Sales Rep,Medium,No,2,12,Divorced,Doctor,No
EMP1544,47,IT,IT Support,Low,Yes,1,0,Married,Doctor,Yes
EMP1545,34,R&D,Manager R&D,Medium,Yes,3,17,Divorced,Below College,Yes
EMP1546,42,IT,Tech Lead,Medium,No,1,10,Married,Doctor,No
EMP1547,36,Operations,Operations Manager,Low,No,4,1,Divorced,College,No
EMP1548,44,Sales,Sales Executive,Low,No,3,19,Divorced,Bachelor,No
EMP1549,51,Sales,Sales Manager,Low,Yes,4,8,Single,Doctor,Yes
EMP1550,34,HR,HR Manager,High,No,4,5,Divorced,Bachelor,No
EMP1551,38,Sales,Sales Executive,Low,Yes,4,9,Married,Doctor,Yes
EMP1552,35,Finance,Finance Analyst,Low,No,4,1,Married,Doctor,No
EMP1553,34,HR,HR Manager,Low,Yes,2,10,Single,Below College,No
EMP1554,29,HR,HR Manager,High,Yes,3,12,Single,Bachelor,No
EMP1555,24,HR,HR Manager,Low,No,1,15,Divorced,Bachelor,No
EMP1556,18,HR,HR Executive,Medium,No,2,18,Married,College,Yes
EMP1557,36,Operations,Operations Analyst,Low,No,1,7,Single,Doctor,No
EMP1558,34,IT,IT Support,Medium,Yes,1,11,Married,College,No
EMP1559,43,Finance,Finance Analyst,Medium,No,3,7,Single,Doctor,No
EMP1560,33,Operations,Operations Manager,Low,No,4,13,Married,Bachelor,No
EMP1561,20,Operations,Operations Manager,Low,No,3,20,Divorced,College,No
EMP1562,42,Operations,Operations Manager,Medium,Yes,2,7,Married,Below College,No
EMP1563,57,HR,HR Manager,Medium,No,2,19,Married,College,No
EMP1564,32,HR,HR Executive,Low,Yes,3,14,Divorced,Master,No
EMP1565,43,R&D,Research Scientist,High,No,1,18,Married,Master,No
EMP1566,45,Finance,Finance Manager,Low,Yes,1,17,Married,Master,No
EMP1567,26,R&D,Research Scientist,Low,No,1,1,Single,Below College,Yes
EMP1568,27,Finance,Finance Manager,Medium,No,2,15,Married,Doctor,No
EMP1569,40,Sales,Sales Rep,Medium,No,2,14,Single,College,No
EMP1570,29,Finance,Finance Analyst,High,No,3,17,Married,Below College,No
EMP1571,23,IT,Software Engineer,Low,Yes,1,0,Single,College,Yes
EMP1572,38,R&D,Manager R&D,Medium,No,3,3,Married,Master,No
EMP1573,56,Finance,Finance Manager,Medium,No,2,20,Single,Below College,No
EMP1574,21,HR,HR Executive,Medium,No,3,2,Single,Below College,No
EMP1575,27,R&D,Lab Technician,Low,Yes,3,3,Divorced,Bachelor,No
EMP1576,40,IT,Software Engineer,Low,Yes,2,14,Married,Doctor,Yes
EMP1577,30,Finance,Finance Manager,Low,No,1,9,Single,Master,No
EMP1578,31,Operations,Operations Analyst,Medium,Yes,3,8,Married,Master,No
EMP1579,33,Finance,Finance Manager,High,Yes,1,15,Married,Bachelor,Yes
EMP1580,31,IT,Software Engineer,Low,No,1,7,Divorced,Doctor,No
EMP1581,33,R&D,Lab Technician,Medium,No,4,7,Divorced,College,No
EMP1582,30,Operations,Operations Manager,High,Yes,1,16,Divorced,Doctor,No
EMP1583,42,Sales,Sales Manager,Low,No,4,1,Divorced,Doctor,No
EMP1584,32,Finance,Finance Analyst,Low,No,2,18,Married,Doctor,No
EMP1585,29,Finance,Finance Manager,High,Yes,2,2,Divorced,Doctor,Yes
EMP1586,37,HR,HR Manager,Low,No,2,15,Married,Master,Yes
EMP1587,42,Operations,Operations Manager,Medium,No,3,10,Divorced,Doctor,No
EMP1588,38,Finance,Finance Analyst,Medium,No,4,6,Married,College,No
EMP1589,40,Sales,Sales Rep,Low,No,2,6,Divorced,Doctor,Yes
EMP1590,47,R&D,Research Scientist,High,No,2,3,Divorced,Master,No
EMP1591,18,Sales,Sales Rep,High,No,2,2,Single,Master,No
EMP1592,24,R&D,Manager R&D,Medium,Yes,2,20,Divorced,Master,No
EMP1593,27,HR,HR Executive,Medium,Yes,2,3,Divorced,Bachelor,No
EMP1594,24,Operations,Operations Manager,Medium,Yes,4,4,Divorced,Bachelor,No
EMP1595,36,Sales,Sales Executive,High,No,1,1,Divorced,College,No
EMP1596,36,IT,Tech Lead,Low,No,3,10,Married,Doctor,No
EMP1597,46,Finance,Finance Analyst,Low,Yes,3,7,Divorced,Below College,No
EMP1598,34,Sales,Sales Rep,Medium,Yes,2,2,Divorced,Bachelor,Yes
EMP1599,25,Finance,Finance Manager,Low,No,1,6,Single,Below College,No
EMP1600,49,IT,Software Engineer,Medium,No,4,19,Married,Master,No
EMP1601,47,HR,HR Manager,Medium,No,4,18,Divorced,Doctor,No
EMP1602,38,R&D,Lab Technician,High,No,4,12,Single,College,No
EMP1603,52,Operations,Operations Analyst,Medium,No,4,20,Divorced,Below College,No
EMP1604,60,R&D,Research Scientist,High,No,4,15,Married,Bachelor,No
EMP1605,30,Operations,Operations Manager,High,Yes,3,5,Single,Below College,No
EMP1606,30,Finance,Finance Manager,High,No,3,14,Single,Master,No
EMP1607,43,Sales,Sales Executive,High,No,4,12,Married,Below College,No
EMP1608,33,Sales,Sales Rep,Medium,No,1,12,Divorced,Doctor,No
EMP1609,43,IT,Software Engineer,Low,No,1,18,Married,College,Yes
EMP1610,43,HR,HR Executive,Medium,No,1,18,Divorced,Bachelor,No
EMP1611,31,HR,HR Manager,Medium,No,4,17,Married,Doctor,No
EMP1612,46,Operations,Operations Manager,High,No,4,13,Single,College,No
EMP1613,43,R&D,Manager R&D,Low,No,3,14,Single,Bachelor,No
EMP1614,33,Finance,Finance Analyst,Low,Yes,4,9,Married,College,No
EMP1615,46,R&D,Lab Technician,Medium,No,3,5,Married,Bachelor,No
EMP1616,60,Sales,Sales Manager,Low,No,4,10,Divorced,College,No
EMP1617,43,Operations,Operations Manager,High,No,3,19,Single,Bachelor,No
EMP1618,23,Sales,Sales Executive,Low,Yes,1,20,Divorced,Master,Yes
EMP1619,33,Operations,Operations Manager,High,No,3,2,Married,Below College,No
EMP1620,32,HR,HR Manager,Medium,Yes,2,4,Divorced,Below College,No
EMP1621,29,Finance,Finance Analyst,High,No,2,10,Divorced,Below College,No
EMP1622,41,IT,Software Engineer,Low,Yes,4,0,Married,Doctor,No
EMP1623,53,Operations,Operations Manager,Medium,No,4,8,Divorced,Below College,No
EMP1624,38,HR,HR Executive,Medium,No,3,19,Married,Doctor,No
EMP1625,27,HR,HR Manager,Medium,No,2,3,Divorced,Doctor,No
EMP1626,41,Operations,Operations Analyst,Medium,No,1,11,Married,Master,No
EMP1627,25,HR,HR Manager,Medium,No,1,14,Divorced,Doctor,Yes
EMP1628,44,HR,HR Executive,Medium,No,3,18,Single,Below College,No
EMP1629,38,IT,Software Engineer,Medium,No,2,18,Divorced,Below College,No
EMP1630,31,R&D,Lab Technician,Medium,Yes,3,16,Single,Master,Yes
EMP1631,29,Operations,Operations Analyst,Low,No,3,6,Married,Below College,No
EMP1632,40,Finance,Finance Analyst,High,No,3,18,Divorced,Doctor,No
EMP1633,46,Operations,Operations Analyst,Low,No,4,6,Divorced,Below College,No
EMP1634,48,Operations,Operations Analyst,High,Yes,1,7,Single,Bachelor,No
EMP1635,37,Operations,Operations Analyst,High,No,4,3,Divorced,Master,No
EMP1636,38,R&D,Lab Technician,Medium,No,3,4,Single,Doctor,No
EMP1637,34,Finance,Finance Manager,Medium,No,1,11,Divorced,Master,Yes
EMP1638,27,Operations,Operations Analyst,High,No,4,11,Married,College,No
EMP1639,28,Sales,Sales Rep,High,No,2,20,Single,Master,No
EMP1640,48,IT,Tech Lead,Low,No,2,6,Single,Doctor,No
EMP1641,29,Operations,Operations Analyst,Medium,No,1,13,Single,Bachelor,No
EMP1642,50,IT,IT Support,Medium,No,1,6,Single,Master,No
EMP1643,30,HR,HR Executive,Medium,No,4,14,Single,Bachelor,No
EMP1644,21,Sales,Sales Executive,Medium,Yes,2,2,Single,Doctor,No
EMP1645,30,Operations,Operations Manager,Low,No,1,10,Married,Doctor,No
EMP1646,38,HR,HR Manager,High,Yes,1,19,Divorced,College,No
EMP1647,34,Finance,Finance Manager,Low,No,1,13,Married,Bachelor,No
EMP1648,40,Operations,Operations Analyst,High,No,3,13,Married,Master,No
EMP1649,55,Finance,Finance Analyst,Medium,No,2,1,Single,College,No
EMP1650,38,IT,IT Support,Medium,Yes,4,9,Divorced,Master,No
EMP1651,35,Operations,Operations Analyst,High,No,3,2,Married,Doctor,No
EMP1652,31,IT,Software Engineer,High,No,4,17,Single,Below College,No
EMP1653,33,Sales,Sales Executive,Low,Yes,1,5,Divorced,College,No
EMP1654,50,HR,HR Manager,Medium,No,2,12,Divorced,Master,No
EMP1655,46,R&D,Lab Technician,Low,No,2,10,Married,Doctor,No
EMP1656,50,Finance,Finance Analyst,Medium,No,3,15,Divorced,Master,No
EMP1657,38,Finance,Finance Manager,Medium,No,2,18,Married,Doctor,No
EMP1658,30,Finance,Finance Manager,Low,No,4,17,Divorced,Doctor,No
EMP1659,36,R&D,Lab Technician,Medium,Yes,3,14,Married,College,No
EMP1660,33,Operations,Operations Analyst,Medium,No,1,2,Single,Bachelor,No
EMP1661,48,HR,HR Executive,Low,Yes,1,20,Divorced,Bachelor,No
EMP1662,42,IT,Tech Lead,Medium,No,4,11,Married,Doctor,No
EMP1663,19,Operations,Operations Analyst,Medium,No,1,12,Single,Bachelor,No
EMP1664,25,R&D,Manager R&D,High,No,4,16,Married,Master,No
EMP1665,33,Operations,Operations Analyst,Low,No,1,2,Single,Bachelor,Yes
EMP1666,51,Sales,Sales Rep,Low,No,2,12,Married,College,No
EMP1667,29,Finance,Finance Analyst,Medium,No,4,15,Single,Master,No
EMP1668,37,HR,HR Manager,Medium,Yes,3,16,Divorced,Doctor,No
EMP1669,39,Operations,Operations Analyst,Low,No,4,8,Single,Master,No
EMP1670,40,Sales,Sales Manager,Medium,No,1,0,Divorced,Below College,Yes
EMP1671,41,R&D,Manager R&D,High,No,2,9,Single,College,No
EMP1672,31,IT,Tech Lead,Medium,No,2,5,Single,Below College,No
EMP1673,44,Finance,Finance Manager,Medium,Yes,1,2,Married,College,No
EMP1674,30,Sales,Sales Executive,Low,Yes,2,1,Divorced,Bachelor,No
EMP1675,44,Operations,Operations Analyst,Medium,Yes,3,6,Divorced,Doctor,No
EMP1676,32,HR,HR Executive,Medium,No,1,4,Single,Doctor,Yes
EMP1677,31,IT,Software Engineer,Low,No,1,18,Single,Doctor,Yes
EMP1678,35,HR,HR Manager,Low,Yes,2,10,Married,College,Yes
EMP1679,28,Operations,Operations Analyst,Low,Yes,2,8,Single,College,No
EMP1680,39,Sales,Sales Executive,Low,No,4,6,Married,Master,No
EMP1681,54,IT,IT Support,Low,No,4,17,Married,Below College,No
EMP1682,18,IT,Tech Lead,High,No,1,18,Divorced,Master,Yes
EMP1683,39,IT,Software Engineer,Medium,No,4,2,Single,College,No
EMP1684,18,HR,HR Manager,Medium,No,2,8,Single,Below College,Yes
EMP1685,39,Sales,Sales Executive,Medium,No,3,20,Single,Doctor,No
EMP1686,18,HR,HR Manager,High,Yes,3,9,Single,Below College,Yes
EMP1687,29,IT,Tech Lead,Medium,No,1,2,Married,College,No
EMP1688,37,IT,IT Support,Low,No,3,12,Single,Below College,No
EMP1689,23,IT,Software Engineer,Low,Yes,2,18,Single,College,Yes
EMP1690,37,Finance,Finance Manager,Low,No,2,6,Married,Master,No
EMP1691,41,Operations,Operations Analyst,Low,No,3,15,Single,Bachelor,No
EMP1692,43,Finance,Finance Analyst,Medium,No,4,3,Single,Doctor,No
EMP1693,24,Sales,Sales Manager,Medium,Yes,3,20,Married,Below College,No
EMP1694,42,Operations,Operations Manager,Low,No,3,7,Married,Below College,Yes
EMP1695,31,Finance,Finance Manager,High,Yes,1,14,Single,Doctor,Yes
EMP1696,40,HR,HR Executive,Medium,Yes,4,15,Divorced,College,No
EMP1697,45,R&D,Research Scientist,Medium,Yes,1,3,Married,Below College,No
EMP1698,31,R&D,Research Scientist,Medium,No,2,8,Married,Master,No
EMP1699,40,Sales,Sales Executive,Low,No,1,17,Single,Below College,No
EMP1700,29,Finance,Finance Analyst,Low,Yes,1,6,Married,Bachelor,Yes
EMP1701,25,Operations,Operations Analyst,Medium,No,2,5,Divorced,Bachelor,No
EMP1702,46,Operations,Operations Manager,Low,No,2,1,Single,Doctor,Yes
EMP1703,23,Sales,Sales Manager,Low,No,1,12,Single,Doctor,Yes
EMP1704,46,Sales,Sales Executive,Low,Yes,3,18,Married,College,No
EMP1705,45,R&D,Research Scientist,High,No,3,0,Divorced,Doctor,No
EMP1706,24,R&D,Research Scientist,Medium,No,1,6,Single,Doctor,No
EMP1707,31,R&D,Research Scientist,Medium,No,4,2,Single,Below College,No
EMP1708,35,IT,Tech Lead,Low,No,2,11,Divorced,Below College,No
EMP1709,24,Operations,Operations Analyst,Low,No,1,20,Married,Below College,No
EMP1710,36,Operations,Operations Analyst,Low,No,1,2,Single,Doctor,No
EMP1711,30,Finance,Finance Manager,Medium,Yes,3,15,Married,Bachelor,No
EMP1712,33,IT,IT Support,Low,No,3,9,Single,Doctor,No
EMP1713,24,Finance,Finance Manager,Low,No,2,17,Single,Bachelor,No
EMP1714,26,Sales,Sales Executive,High,Yes,1,15,Divorced,Master,Yes
EMP1715,33,Sales,Sales Executive,Low,No,3,11,Married,Doctor,No
EMP1716,39,Operations,Operations Analyst,Medium,No,3,4,Single,Bachelor,No
EMP1717,43,Sales,Sales Rep,Low,Yes,2,6,Single,Bachelor,Yes
EMP1718,18,IT,Tech Lead,Low,No,3,3,Single,Doctor,Yes
EMP1719,32,Finance,Finance Analyst,Medium,Yes,4,5,Divorced,Doctor,Yes
EMP1720,54,R&D,Manager R&D,High,Yes,3,6,Divorced,Below College,No
EMP1721,38,Sales,Sales Executive,Low,No,3,7,Single,College,Yes
EMP1722,22,IT,Tech Lead,High,No,1,9,Divorced,Doctor,No
EMP1723,29,Sales,Sales Rep,Medium,Yes,4,5,Married,Bachelor,Yes
EMP1724,38,R&D,Manager R&D,High,No,4,4,Married,Bachelor,No
EMP1725,44,HR,HR Executive,High,No,3,4,Divorced,Master,No
EMP1726,46,Operations,Operations Manager,Low,No,2,11,Single,Doctor,Yes
EMP1727,52,HR,HR Manager,Medium,Yes,4,17,Divorced,College,No
EMP1728,39,R&D,Research Scientist,Medium,No,3,4,Single,College,No
EMP1729,42,HR,HR Manager,Low,No,3,4,Single,Master,No
EMP1730,51,Sales,Sales Executive,Medium,No,3,2,Divorced,Doctor,No
EMP1731,54,HR,HR Manager,Medium,No,1,13,Divorced,Master,No
EMP1732,35,IT,Software Engineer,Low,Yes,2,17,Married,College,Yes
EMP1733,38,Finance,Finance Analyst,Low,No,4,11,Married,Below College,No
EMP1734,52,R&D,Lab Technician,Low,No,4,17,Married,College,No
EMP1735,38,Sales,Sales Rep,Medium,No,2,2,Single,Bachelor,No
EMP1736,29,HR,HR Executive,Low,No,2,17,Divorced,College,No
EMP1737,40,Operations,Operations Analyst,Medium,No,4,13,Divorced,College,No
EMP1738,32,HR,HR Executive,Low,No,4,4,Married,Below College,No
EMP1739,45,Finance,Finance Manager,Medium,No,2,11,Single,College,No
EMP1740,31,R&D,Lab Technician,Low,Yes,3,8,Married,Below College,Yes
EMP1741,54,Sales,Sales Rep,Medium,No,1,11,Married,Bachelor,No
EMP1742,35,R&D,Manager R&D,Low,Yes,4,2,Married,Master,No
EMP1743,36,IT,Software Engineer,Low,No,3,20,Married,Doctor,No
EMP1744,38,HR,HR Manager,Medium,No,1,1,Divorced,Master,No
EMP1745,23,IT,Tech Lead,Medium,Yes,3,11,Divorced,Doctor,No
EMP1746,41,Finance,Finance Analyst,Low,No,3,19,Divorced,Master,No
EMP1747,45,Operations,Operations Manager,Medium,No,3,9,Single,Master,No
EMP1748,18,R&D,Lab Technician,Low,No,1,10,Married,Doctor,No
EMP1749,34,Finance,Finance Manager,Medium,No,3,5,Married,Doctor,No
EMP1750,37,R&D,Research Scientist,Low,No,2,7,Married,Below College,Yes
EMP1751,34,IT,IT Support,High,No,3,17,Divorced,College,No
EMP1752,42,Finance,Finance Analyst,Medium,No,2,2,Single,Doctor,No
EMP1753,32,R&D,Research Scientist,Medium,Yes,4,14,Single,Master,No
EMP1754,34,IT,Tech Lead,Medium,No,4,11,Divorced,Doctor,No
EMP1755,36,R&D,Lab Technician,Medium,No,2,19,Single,Master,No
EMP1756,41,HR,HR Manager,Medium,No,2,13,Divorced,Below College,No
EMP1757,27,HR,HR Executive,Medium,No,4,12,Married,Doctor,Yes
EMP1758,42,Sales,Sales Manager,Low,Yes,3,17,Divorced,Below College,No
EMP1759,28,Finance,Finance Analyst,Medium,No,2,14,Married,Below College,No
EMP1760,43,IT,Tech Lead,Medium,No,4,0,Single,Doctor,No
EMP1761,33,Operations,Operations Analyst,Medium,No,2,0,Divorced,Master,No
EMP1762,19,R&D,Research Scientist,Low,No,4,15,Single,College,Yes
EMP1763,39,IT,Software Engineer,Low,No,2,12,Single,Bachelor,No
EMP1764,32,IT,Tech Lead,Medium,No,2,3,Divorced,College,No
EMP1765,43,IT,IT Support,Low,No,1,18,Divorced,Master,No
EMP1766,41,Finance,Finance Manager,High,Yes,2,5,Divorced,Master,No
EMP1767,45,HR,HR Manager,Medium,No,3,11,Divorced,Below College,No
EMP1768,41,IT,Tech Lead,Low,Yes,2,16,Married,Doctor,No
EMP1769,44,Finance,Finance Analyst,Low,Yes,4,6,Married,Below College,No
EMP1770,45,IT,Software Engineer,High,Yes,4,12,Married,College,No
EMP1771,46,R&D,Research Scientist,Medium,No,2,6,Single,Bachelor,No
EMP1772,26,HR,HR Executive,Low,Yes,3,10,Divorced,Below College,No
EMP1773,42,IT,IT Support,Medium,Yes,3,5,Divorced,College,No
EMP1774,52,IT,Tech Lead,High,No,2,20,Single,College,No
EMP1775,31,R&D,Manager R&D,Low,Yes,1,19,Single,Doctor,No
EMP1776,41,Operations,Operations Analyst,Low,Yes,4,15,Single,Bachelor,Yes
EMP1777,50,HR,HR Executive,Medium,Yes,1,9,Married,Doctor,Yes
EMP1778,43,Finance,Finance Analyst,Low,No,2,8,Divorced,Below College,No
EMP1779,29,HR,HR Executive,High,Yes,2,20,Single,College,No
EMP1780,34,IT,Tech Lead,Low,No,2,0,Divorced,Bachelor,Yes
EMP1781,48,Finance,Finance Analyst,Low,Yes,4,10,Married,Doctor,No
EMP1782,28,Finance,Finance Manager,Medium,No,1,13,Married,Bachelor,No
EMP1783,44,IT,IT Support,Medium,Yes,2,7,Divorced,Below College,No
EMP1784,45,R&D,Research Scientist,Medium,Yes,1,20,Divorced,Doctor,No
EMP1785,41,HR,HR Manager,Low,No,1,7,Divorced,College,No
EMP1786,42,Finance,Finance Analyst,Low,No,2,13,Single,Master,Yes
EMP1787,38,Finance,Finance Manager,Medium,No,4,0,Divorced,College,No
EMP1788,39,IT,Tech Lead,High,No,4,2,Married,Bachelor,No
EMP1789,37,HR,HR Executive,Medium,No,3,12,Divorced,Below College,No
EMP1790,37,Sales,Sales Executive,Low,Yes,1,9,Divorced,Below College,Yes
EMP1791,22,Operations,Operations Manager,High,No,4,6,Married,Doctor,No
EMP1792,37,Sales,Sales Executive,Medium,No,4,5,Single,Bachelor,Yes
EMP1793,43,Finance,Finance Analyst,Low,No,4,17,Divorced,Doctor,No
EMP1794,35,Operations,Operations Analyst,High,No,4,16,Single,College,No
EMP1795,32,Operations,Operations Manager,High,Yes,3,8,Divorced,Below College,No
EMP1796,41,HR,HR Executive,High,No,4,19,Divorced,Doctor,No
EMP1797,24,Operations,Operations Analyst,Medium,Yes,2,12,Single,Bachelor,No
EMP1798,18,R&D,Lab Technician,High,No,3,8,Married,College,No
EMP1799,37,IT,Tech Lead,Medium,No,4,10,Single,Master,No
EMP1800,29,Sales,Sales Executive,Low,No,2,0,Single,Master,Yes
EMP1801,23,IT,IT Support,Low,Yes,2,10,Single,Bachelor,Yes
EMP1802,33,HR,HR Executive,Medium,No,3,0,Single,Below College,No
EMP1803,33,Operations,Operations Analyst,High,No,3,7,Married,College,No
EMP1804,46,IT,IT Support,Medium,No,3,1,Divorced,Bachelor,No
EMP1805,37,Sales,Sales Manager,Medium,No,3,0,Divorced,Master,No
EMP1806,43,Finance,Finance Analyst,Low,No,2,16,Single,Master,Yes
EMP1807,43,Sales,Sales Rep,Medium,No,2,17,Single,College,No
EMP1808,39,IT,Tech Lead,Medium,No,4,17,Divorced,Bachelor,No
EMP1809,40,Sales,Sales Rep,Low,No,1,4,Married,Bachelor,Yes
EMP1810,32,Finance,Finance Analyst,Low,Yes,3,9,Married,Below College,Yes
EMP1811,34,HR,HR Executive,High,No,3,9,Divorced,Doctor,No
EMP1812,38,R&D,Manager R&D,Medium,No,2,17,Married,Doctor,No
EMP1813,38,R&D,Research Scientist,Low,No,2,0,Married,Master,No
EMP1814,60,Operations,Operations Analyst,Low,Yes,1,19,Married,College,Yes
EMP1815,40,Operations,Operations Manager,Low,Yes,1,19,Married,Master,Yes
EMP1816,30,Operations,Operations Manager,Medium,No,3,5,Single,Bachelor,No
EMP1817,26,IT,IT Support,Medium,No,3,15,Single,Doctor,No
EMP1818,23,Sales,Sales Executive,High,No,1,13,Married,College,No
EMP1819,49,Sales,Sales Rep,Medium,No,3,14,Divorced,College,No
EMP1820,27,IT,IT Support,Low,No,4,6,Divorced,Below College,Yes
EMP1821,43,R&D,Lab Technician,Low,No,4,13,Divorced,Doctor,Yes
EMP1822,43,R&D,Research Scientist,High,No,4,6,Divorced,College,No
EMP1823,28,Operations,Operations Manager,Low,No,1,0,Single,Bachelor,Yes
EMP1824,39,HR,HR Manager,High,No,1,3,Divorced,College,No
EMP1825,45,IT,Tech Lead,Low,No,3,7,Single,College,No
EMP1826,19,Operations,Operations Analyst,High,No,2,12,Divorced,Doctor,Yes
EMP1827,41,Operations,Operations Analyst,Medium,No,1,9,Divorced,Master,No
EMP1828,47,Finance,Finance Analyst,High,No,2,9,Single,Bachelor,No
EMP1829,35,Sales,Sales Rep,Low,No,3,8,Single,Doctor,No
EMP1830,31,Finance,Finance Manager,Low,Yes,1,18,Divorced,Master,Yes
EMP1831,31,R&D,Research Scientist,Low,Yes,2,0,Married,Master,No
EMP1832,18,IT,IT Support,Low,No,2,10,Divorced,Bachelor,No
EMP1833,28,HR,HR Executive,Low,No,3,15,Divorced,Master,Yes
EMP1834,39,Sales,Sales Manager,High,Yes,2,13,Divorced,Bachelor,No
EMP1835,23,Sales,Sales Rep,Low,No,3,0,Single,Below College,No
EMP1836,35,IT,IT Support,Low,No,3,6,Married,College,No
EMP1837,44,Operations,Operations Analyst,High,No,4,19,Married,Below College,No
EMP1838,34,Finance,Finance Analyst,Medium,No,2,15,Divorced,Below College,No
EMP1839,44,Sales,Sales Manager,Medium,No,1,15,Married,Doctor,No
EMP1840,25,Operations,Operations Manager,Medium,No,2,12,Married,Below College,No
EMP1841,33,HR,HR Executive,Medium,No,1,17,Divorced,Doctor,No
EMP1842,48,Finance,Finance Analyst,Medium,Yes,4,15,Married,Bachelor,No
EMP1843,28,Finance,Finance Analyst,Medium,No,4,3,Married,Below College,No
EMP1844,34,HR,HR Executive,Low,No,1,0,Married,Doctor,No
EMP1845,60,Finance,Finance Analyst,Low,No,3,1,Single,College,Yes
EMP1846,41,IT,Tech Lead,High,No,2,9,Married,Master,No
EMP1847,37,IT,Tech Lead,Medium,No,3,15,Divorced,College,No
EMP1848,22,IT,Software Engineer,Low,Yes,4,13,Divorced,Doctor,Yes
EMP1849,31,Sales,Sales Rep,Medium,Yes,3,7,Divorced,College,No
EMP1850,32,Sales,Sales Manager,Low,No,1,16,Married,Master,Yes
EMP1851,25,Sales,Sales Rep,Low,No,1,16,Divorced,Below College,No
EMP1852,28,R&D,Manager R&D,Medium,No,1,10,Divorced,Bachelor,No
EMP1853,40,IT,Software Engineer,Low,Yes,2,9,Single,Master,Yes
EMP1854,28,R&D,Research Scientist,Medium,No,3,8,Divorced,College,No
EMP1855,38,Sales,Sales Manager,Medium,No,1,4,Single,College,Yes
EMP1856,21,Operations,Operations Manager,Medium,No,4,13,Single,College,No
EMP1857,23,HR,HR Manager,High,Yes,3,4,Married,College,No
EMP1858,50,Operations,Operations Manager,Low,Yes,2,9,Divorced,College,Yes
EMP1859,44,Finance,Finance Analyst,High,No,3,6,Single,Below College,No
EMP1860,41,Operations,Operations Analyst,Low,No,4,2,Married,College,Yes
EMP1861,41,Sales,Sales Executive,Medium,No,1,13,Single,Master,No
EMP1862,32,IT,IT Support,Medium,No,1,2,Divorced,Master,No
EMP1863,44,Finance,Finance Analyst,Medium,No,4,13,Single,Doctor,No
EMP1864,29,IT,IT Support,High,No,1,11,Married,Doctor,No
EMP1865,43,R&D,Research Scientist,Low,Yes,2,17,Single,Below College,Yes
EMP1866,30,HR,HR Manager,Medium,Yes,2,17,Married,Master,No
EMP1867,42,R&D,Lab Technician,Medium,No,2,12,Divorced,Master,No
EMP1868,40,IT,IT Support,Low,No,1,13,Single,College,Yes
EMP1869,39,Sales,Sales Manager,Low,No,4,3,Divorced,Bachelor,No
EMP1870,21,Operations,Operations Manager,Low,No,2,8,Married,Bachelor,No
EMP1871,28,Operations,Operations Analyst,Low,No,4,11,Single,College,No
EMP1872,44,Sales,Sales Manager,Low,No,4,16,Divorced,College,No
EMP1873,33,R&D,Research Scientist,Low,No,3,4,Single,Bachelor,No
EMP1874,34,Sales,Sales Rep,Low,No,4,1,Divorced,Below College,No
EMP1875,32,Operations,Operations Manager,Medium,Yes,1,17,Divorced,Bachelor,No
EMP1876,45,Sales,Sales Manager,Medium,Yes,3,14,Divorced,Doctor,No
EMP1877,37,HR,HR Executive,Medium,No,1,13,Divorced,Doctor,No
EMP1878,33,HR,HR Manager,Medium,No,2,18,Married,Below College,No
EMP1879,30,R&D,Lab Technician,Medium,No,3,4,Divorced,Below College,No
EMP1880,34,Finance,Finance Manager,High,No,4,3,Divorced,Bachelor,No
EMP1881,33,Sales,Sales Manager,High,No,2,4,Married,College,No
EMP1882,45,R&D,Manager R&D,Medium,No,3,13,Divorced,College,No
EMP1883,37,Finance,Finance Manager,Low,No,1,4,Married,Master,No
EMP1884,34,Finance,Finance Manager,Medium,Yes,2,18,Single,Master,No
EMP1885,18,R&D,Manager R&D,High,No,3,7,Single,Below College,No
EMP1886,35,Operations,Operations Analyst,Low,No,2,13,Divorced,College,No
EMP1887,38,Sales,Sales Executive,Medium,No,1,4,Divorced,Bachelor,No
EMP1888,24,Finance,Finance Analyst,High,No,2,4,Married,Below College,Yes
EMP1889,46,R&D,Lab Technician,Low,No,3,16,Divorced,Below College,No
EMP1890,28,Sales,Sales Manager,Low,Yes,2,6,Divorced,Doctor,No
EMP1891,25,Operations,Operations Analyst,Low,No,1,7,Divorced,Below College,No
EMP1892,26,Sales,Sales Manager,Medium,No,4,8,Single,College,Yes
EMP1893,28,Finance,Finance Manager,Low,No,1,6,Divorced,College,Yes
EMP1894,33,Finance,Finance Analyst,Low,No,2,4,Divorced,Below College,Yes
EMP1895,31,HR,HR Executive,Medium,No,1,3,Divorced,College,No
EMP1896,34,R&D,Lab Technician,Medium,No,3,8,Married,Master,No
EMP1897,31,HR,HR Executive,Medium,No,3,12,Single,Master,No
EMP1898,30,IT,Software Engineer,Medium,Yes,2,14,Divorced,Bachelor,No
EMP1899,18,IT,IT Support,Medium,No,3,2,Married,Master,No
EMP1900,38,Operations,Operations Analyst,Medium,No,2,19,Married,Doctor,No
EMP1901,39,Sales,Sales Executive,Medium,No,4,4,Divorced,Master,No
EMP1902,46,Operations,Operations Manager,Low,No,2,10,Single,Bachelor,No
EMP1903,27,Sales,Sales Rep,High,No,1,4,Single,Doctor,No
EMP1904,41,IT,IT Support,Medium,No,2,7,Single,Doctor,No
EMP1905,36,IT,IT Support,Medium,No,2,16,Married,Doctor,No
EMP1906,47,Operations,Operations Manager,Low,No,2,9,Single,Master,No
EMP1907,43,Sales,Sales Manager,Low,No,3,3,Married,Bachelor,No
EMP1908,47,IT,IT Support,Low,No,2,12,Divorced,Doctor,No
EMP1909,37,Operations,Operations Analyst,High,Yes,2,3,Married,Bachelor,No
EMP1910,36,Sales,Sales Rep,High,No,2,2,Divorced,Bachelor,No
EMP1911,41,Sales,Sales Manager,Low,No,2,11,Divorced,College,No
EMP1912,48,R&D,Manager R&D,High,No,4,16,Single,Doctor,No
EMP1913,36,IT,IT Support,Low,No,3,1,Single,Doctor,No
EMP1914,30,HR,HR Executive,Low,No,1,11,Single,Doctor,No
EMP1915,39,Operations,Operations Manager,Low,No,3,5,Divorced,Bachelor,No
EMP1916,38,IT,IT Support,Medium,No,1,11,Single,Doctor,No
EMP1917,26,R&D,Lab Technician,High,No,3,4,Divorced,Below College,No
EMP1918,27,Finance,Finance Analyst,Low,No,4,18,Divorced,Bachelor,No
EMP1919,32,IT,IT Support,High,No,1,17,Divorced,Master,No
EMP1920,32,Sales,Sales Rep,High,No,4,3,Divorced,Bachelor,No
EMP1921,40,IT,Tech Lead,Medium,Yes,3,14,Married,Bachelor,No
EMP1922,41,Finance,Finance Manager,Low,No,3,1,Divorced,Doctor,No
EMP1923,29,Finance,Finance Manager,Medium,No,2,8,Single,Bachelor,No
EMP1924,26,IT,Software Engineer,Medium,No,2,6,Single,Below College,Yes
EMP1925,24,IT,Software Engineer,Low,No,1,6,Single,Master,No
EMP1926,27,Sales,Sales Rep,Medium,Yes,4,4,Single,Doctor,No
EMP1927,37,Sales,Sales Executive,High,No,2,2,Single,Master,No
EMP1928,42,Sales,Sales Manager,Low,Yes,4,6,Married,College,Yes
EMP1929,37,R&D,Lab Technician,Low,No,4,19,Married,Below College,No
EMP1930,38,Operations,Operations Analyst,Low,No,1,20,Single,Bachelor,Yes
EMP1931,24,IT,Tech Lead,High,Yes,2,14,Divorced,Bachelor,No
EMP1932,43,IT,Software Engineer,Medium,Yes,2,10,Married,Doctor,No
EMP1933,38,HR,HR Executive,Medium,No,4,17,Married,Bachelor,No
EMP1934,38,Sales,Sales Rep,Low,No,2,11,Married,Bachelor,No
EMP1935,35,IT,Tech Lead,Low,No,2,6,Divorced,Doctor,No
EMP1936,39,R&D,Lab Technician,Low,Yes,1,7,Married,Bachelor,No
EMP1937,36,Operations,Operations Manager,Medium,No,1,20,Single,Master,No
EMP1938,34,Operations,Operations Analyst,Medium,No,2,15,Divorced,Below College,No
EMP1939,47,IT,IT Support,Medium,No,2,11,Divorced,Bachelor,No
EMP1940,31,Finance,Finance Analyst,Low,No,4,8,Single,Master,No
EMP1941,37,IT,IT Support,Medium,Yes,3,10,Married,Bachelor,No
EMP1942,29,R&D,Research Scientist,Low,No,4,7,Single,College,No
EMP1943,40,Operations,Operations Analyst,High,Yes,1,2,Married,Below College,No
EMP1944,31,HR,HR Manager,High,No,3,13,Married,Master,No
EMP1945,39,R&D,Manager R&D,Low,No,4,3,Divorced,Master,No
EMP1946,37,IT,IT Support,Low,Yes,1,2,Single,Master,No
EMP1947,28,HR,HR Manager,Medium,No,4,14,Divorced,College,Yes
EMP1948,58,Operations,Operations Manager,High,Yes,2,1,Married,Below College,Yes
EMP1949,31,Sales,Sales Manager,Medium,No,3,20,Divorced,Doctor,Yes
EMP1950,40,R&D,Lab Technician,Medium,No,2,15,Single,College,No
EMP1951,41,Finance,Finance Manager,Low,No,1,13,Single,Master,Yes
EMP1952,25,HR,HR Manager,Low,No,2,9,Single,Below College,No
EMP1953,38,HR,HR Executive,Low,No,1,4,Married,Below College,No
EMP1954,30,R&D,Research Scientist,Low,No,3,1,Single,Master,Yes
EMP1955,28,IT,Tech Lead,Low,Yes,2,1,Married,Below College,Yes
EMP1956,31,HR,HR Executive,Medium,No,1,9,Divorced,Bachelor,No
EMP1957,60,Operations,Operations Manager,Low,No,1,17,Married,Master,Yes
EMP1958,40,HR,HR Executive,High,No,3,14,Married,Master,No
EMP1959,29,R&D,Research Scientist,High,No,3,2,Divorced,College,No
EMP1960,35,Finance,Finance Manager,Medium,No,4,8,Single,Master,No
EMP1961,43,Sales,Sales Manager,High,Yes,2,6,Married,College,No
EMP1962,47,IT,Software Engineer,Medium,No,2,3,Married,Doctor,No
EMP1963,39,R&D,Research Scientist,Medium,No,4,19,Single,Master,No
EMP1964,31,Operations,Operations Manager,Medium,Yes,2,0,Single,Master,No
EMP1965,41,Finance,Finance Manager,Low,Yes,2,8,Married,Master,Yes
EMP1966,27,Sales,Sales Rep,Medium,No,3,4,Single,College,Yes
EMP1967,26,Operations,Operations Analyst,Low,No,1,8,Married,College,Yes
EMP1968,50,IT,Tech Lead,Low,No,1,10,Married,Master,No
EMP1969,26,R&D,Manager R&D,High,No,2,3,Married,Doctor,Yes
EMP1970,39,Sales,Sales Rep,High,No,3,8,Single,Bachelor,No
EMP1971,54,HR,HR Executive,High,No,1,0,Divorced,Bachelor,No
EMP1972,44,R&D,Manager R&D,Low,No,3,11,Married,Master,No
EMP1973,19,Sales,Sales Executive,Low,Yes,4,14,Divorced,Below College,Yes
EMP1974,43,HR,HR Manager,Low,No,1,16,Divorced,Below College,No
EMP1975,25,Finance,Finance Manager,Low,Yes,1,4,Married,Doctor,Yes
EMP1976,29,Sales,Sales Manager,High,No,4,17,Married,Below College,No
EMP1977,44,HR,HR Executive,Medium,No,1,18,Married,Bachelor,Yes
EMP1978,46,HR,HR Manager,Low,No,3,6,Single,Bachelor,Yes
EMP1979,44,R&D,Research Scientist,High,No,2,13,Divorced,College,No
EMP1980,58,HR,HR Manager,High,No,1,8,Single,Bachelor,No
EMP1981,48,Operations,Operations Manager,Low,Yes,3,13,Single,College,Yes
EMP1982,43,IT,Tech Lead,Low,Yes,4,8,Single,Doctor,No
EMP1983,36,Sales,Sales Manager,Low,No,3,20,Divorced,Below College,Yes
EMP1984,43,R&D,Research Scientist,Low,No,2,7,Single,College,No
EMP1985,55,IT,Tech Lead,Medium,Yes,1,1,Married,College,No
EMP1986,40,R&D,Manager R&D,Low,Yes,3,14,Single,Bachelor,Yes
EMP1987,34,Finance,Finance Analyst,High,Yes,1,19,Divorced,Master,No
EMP1988,25,Operations,Operations Analyst,Low,No,1,19,Married,Bachelor,No
EMP1989,34,IT,Tech Lead,Low,No,4,10,Divorced,Bachelor,No
EMP1990,48,HR,HR Executive,Low,No,3,12,Divorced,Doctor,No
EMP1991,47,Sales,Sales Executive,Low,No,2,8,Single,Doctor,No
EMP1992,44,Sales,Sales Manager,Low,No,2,17,Divorced,Doctor,No
EMP1993,30,Operations,Operations Manager,Low,No,3,0,Divorced,Doctor,No
EMP1994,39,Finance,Finance Analyst,Low,No,4,7,Married,Master,No
EMP1995,31,Sales,Sales Rep,Low,Yes,4,2,Single,Master,No
EMP1996,21,IT,Software Engineer,Low,No,3,15,Married,Master,No
EMP1997,40,Operations,Operations Analyst,Low,No,3,8,Divorced,Bachelor,Yes
EMP1998,19,Operations,Operations Analyst,Medium,No,3,0,Single,Doctor,No
EMP1999,34,HR,HR Manager,High,Yes,2,20,Single,Master,No
